"Name","csuoee__Part_Of_Term_Reference__c","csuoee__Term__r.csuoee__ODS_Term_ID__c","csuoee__Drop_Date__c","csuoee__Withdraw_50_Date__c","csuoee__Withdraw_0_Date__c"
"DD","202360-DD","202360","","",""
"DG","202360-DG","202360","","",""
"DH","202360-DH","202360","","",""
"ZRD","202360-ZRD","202360","2023-07-25","2023-07-26","2023-07-27"
"ZNF","202360-ZNF","202360","2023-07-01","2023-07-05","2023-07-10"
"ZJE","202360-ZJE","202360","2023-05-31","2023-06-05","2023-06-08"
"ZNI","202360-ZNI","202360","2023-07-02","2023-07-17","2023-07-27"
"ZJD","202360-ZJD","202360","2023-05-31","2023-06-01","2023-06-04"
"IC","202360-IC","202360","","",""
"ZJK","202360-ZJK","202360","2023-06-06","2023-06-27","2023-07-12"
"ID","202360-ID","202360","","",""
"EB","202360-EB","202360","","",""
"EC","202360-EC","202360","","",""
"ED","202360-ED","202360","","",""
"AA","202360-AA","202360","","",""
"AC","202360-AC","202360","","",""
"AD","202360-AD","202360","","",""
"EH","202360-EH","202360","","",""
"AF","202360-AF","202360","","",""
"ZFS","202360-ZFS","202360","2023-05-16","2023-06-27","2023-07-26"
"AH","202360-AH","202360","","",""
"AI","202360-AI","202360","","",""
"AK","202360-AK","202360","","",""
"AL","202360-AL","202360","","",""
"AN","202360-AN","202360","","",""
"1S2","202360-1S2","202360","","",""
"1","202360-1","202360","","",""
"ZOE","202360-ZOE","202360","2023-07-05","2023-07-10","2023-07-13"
"1C","202360-1C","202360","","",""
"ZKD","202360-ZKD","202360","2023-06-06","2023-06-07","2023-06-08"
"EX","202360-EX","202360","","",""
"NA","202360-NA","202360","","",""
"ZKG","202360-ZKG","202360","2023-06-07","2023-06-18","2023-06-26"
"JC","202360-JC","202360","","",""
"JD","202360-JD","202360","","",""
"ZGH","202360-ZGH","202360","2023-05-11","2023-05-24","2023-06-04"
"ZKK","202360-ZKK","202360","2023-06-12","2023-07-03","2023-07-18"
"1M","202360-1M","202360","","",""
"QAL","202360-QAL","202360","","",""
"FD","202360-FD","202360","","",""
"BA","202360-BA","202360","","",""
"AS2","202360-AS2","202360","","",""
"BB","202360-BB","202360","","",""
"25","202360-25","202360","","",""
"BE","202360-BE","202360","","",""
"FI","202360-FI","202360","","",""
"BH","202360-BH","202360","","",""
"BJ","202360-BJ","202360","","",""
"QS1","202360-QS1","202360","","",""
"ZXL","202360-ZXL","202360","2023-06-20","2023-07-23",""
"ZPG","202360-ZPG","202360","2023-07-12","2023-07-23","2023-07-30"
"QS2","202360-QS2","202360","","",""
"ZPF","202360-ZPF","202360","2023-07-12","2023-07-19","2023-07-25"
"ZLE","202360-ZLE","202360","2023-06-13","2023-06-18","2023-06-22"
"ZLD","202360-ZLD","202360","2023-06-13","2023-06-14","2023-06-15"
"ZLG","202360-ZLG","202360","2023-06-14","2023-06-26","2023-07-05"
"ZLF","202360-ZLF","202360","2023-06-14","2023-06-22","2023-06-28"
"ZHE","202360-ZHE","202360","2023-05-16","2023-05-21","2023-05-24"
"ZHD","202360-ZHD","202360","2023-05-16","2023-05-17","2023-05-18"
"ZHG","202360-ZHG","202360","2023-05-17","2023-05-28","2023-06-05"
"ZLK","202360-ZLK","202360","2023-06-20","2023-07-11","2023-07-25"
"ZHF","202360-ZHF","202360","2023-05-17","2023-05-24","2023-05-31"
"ZHI","202360-ZHI","202360","2023-05-21","2023-06-05","2023-06-15"
"ZXX","202360-ZXX","202360","","",""
"A2M","202360-A2M","202360","","",""
"ZHK","202360-ZHK","202360","2023-05-22","2023-06-12","2023-06-27"
"ZHJ","202360-ZHJ","202360","2023-05-22","2023-06-08","2023-06-22"
"CA","202360-CA","202360","","",""
"CB","202360-CB","202360","","",""
"GF","202360-GF","202360","","",""
"ZHO","202360-ZHO","202360","2023-05-25","2023-06-26","2023-07-19"
"CD","202360-CD","202360","","",""
"ZHN","202360-ZHN","202360","2023-05-25","2023-06-25","2023-07-16"
"C2T","202360-C2T","202360","","",""
"CSU","202360-CSU","202360","","",""
"CJ","202360-CJ","202360","","",""
"GSU","202360-GSU","202360","","",""
"ZUD","202360-ZUD","202360","2023-08-15","2023-08-16","2023-08-17"
"D2","202360-D2","202360","","",""
"QSP","202360-QSP","202360","","",""
"ZQE","202360-ZQE","202360","2023-07-18","2023-07-23","2023-07-26"
"ZQG","202360-ZQG","202360","2023-07-19","2023-07-30","2023-08-06"
"XL","202360-XL","202360","","",""
"ZMG","202360-ZMG","202360","2023-06-22","2023-07-03","2023-07-11"
"HD","202360-HD","202360","","",""
"DA","202360-DA","202360","","",""
"HE","202360-HE","202360","","",""
"ZIK","202360-ZIK","202360","2023-05-30","2023-06-20","2023-07-05"
"DB","202360-DB","202360","","",""
"DD","202490-DD","202490","","",""
"HH","202490-HH","202490","","",""
"HI","202490-HI","202490","","",""
"ZEK","202490-ZEK","202490","2024-08-26","2024-09-16","2024-09-30"
"M2","202490-M2","202490","","",""
"DL","202490-DL","202490","","",""
"ZET","202490-ZET","202490","2024-09-04","2024-10-14","2024-11-11"
"ZES","202490-ZES","202490","2024-09-04","2024-10-14","2024-11-11"
"QHG","202490-QHG","202490","","",""
"ZRN","202490-ZRN","202490","2024-11-21","2024-11-22","2024-11-23"
"IA","202490-IA","202490","","",""
"ZJH","202490-ZJH","202490","2024-09-26","2024-10-09","2024-10-17"
"F2F","202490-F2F","202490","","",""
"D2M","202490-D2M","202490","","",""
"IG","202490-IG","202490","","",""
"IH","202490-IH","202490","","",""
"AA","202490-AA","202490","","",""
"12","202490-12","202490","","",""
"EG","202490-EG","202490","","",""
"AD","202490-AD","202490","","",""
"AE","202490-AE","202490","","",""
"AF","202490-AF","202490","","",""
"AH","202490-AH","202490","","",""
"EL","202490-EL","202490","","",""
"AJ","202490-AJ","202490","","",""
"AK","202490-AK","202490","","",""
"AL","202490-AL","202490","","",""
"AP","202490-AP","202490","","",""
"RA","202490-RA","202490","","",""
"AQ","202490-AQ","202490","","",""
"1","202490-1","202490","","",""
"EX","202490-EX","202490","","",""
"ZOI","202490-ZOI","202490","2024-10-31","2024-11-13","2024-11-21"
"QAG","202490-QAG","202490","","",""
"JA","202490-JA","202490","","",""
"NF","202490-NF","202490","","",""
"ZCD","202490-ZCD","202490","2024-08-06","2024-08-07","2024-08-08"
"JF","202490-JF","202490","","",""
"FD","202490-FD","202490","","",""
"FE","202490-FE","202490","","",""
"QAN","202490-QAN","202490","","",""
"FH","202490-FH","202490","","",""
"FJ","202490-FJ","202490","","",""
"SAS","202490-SAS","202490","","",""
"BH","202490-BH","202490","","",""
"BL","202490-BL","202490","","",""
"G2","202490-G2","202490","","",""
"BN","202490-BN","202490","","",""
"BO","202490-BO","202490","","",""
"ZXM","202490-ZXM","202490","2024-09-04","2024-10-14","2024-11-10"
"ZHD","202490-ZHD","202490","2024-09-08","2024-09-09","2024-09-10"
"E2F","202490-E2F","202490","","",""
"KE","202490-KE","202490","","",""
"ZDD","202490-ZDD","202490","2024-08-13","2024-08-14","2024-08-15"
"ZLL","202490-ZLL","202490","2024-10-15","2024-11-06","2024-11-21"
"ZXX","202490-ZXX","202490","","",""
"ZLO","202490-ZLO","202490","2024-10-17","2024-11-17","2024-12-15"
"GE","202490-GE","202490","","",""
"CE","202490-CE","202490","","",""
"GI","202490-GI","202490","","",""
"CI","202490-CI","202490","","",""
"XM","202490-XM","202490","","",""
"ZIE","202490-ZIE","202490","2024-09-19","2024-09-20","2024-09-21"
"LD","202490-LD","202490","","",""
"ZED","202490-ZED","202490","2024-08-20","2024-08-21","2024-08-22"
"ZML","202490-ZML","202490","2024-10-21","2024-11-10","2024-12-01"
"ZMK","202490-ZMK","202490","2024-10-21","2024-11-06","2024-11-19"
"ZEH","202490-ZEH","202490","2024-08-22","2024-09-05","2024-09-15"
"HE","202490-HE","202490","","",""
"ZEI","202490-ZEI","202490","2024-08-25","2024-09-09","2024-09-19"
"DD","202460-DD","202460","","",""
"DG","202460-DG","202460","","",""
"DH","202460-DH","202460","","",""
"ZRD","202460-ZRD","202460","2024-07-23","2024-07-24","2024-07-25"
"E4","202460-E4","202460","","",""
"ZNF","202460-ZNF","202460","2024-07-03","2024-07-11","2024-07-17"
"ZJE","202460-ZJE","202460","2024-06-01","2024-06-04","2024-06-09"
"ZNI","202460-ZNI","202460","2024-06-30","2024-07-15","2024-07-25"
"ZJD","202460-ZJD","202460","2024-05-16","2024-05-17","2024-05-18"
"IC","202460-IC","202460","","",""
"ZJK","202460-ZJK","202460","2024-06-04","2024-06-25","2024-07-10"
"ID","202460-ID","202460","","",""
"ZJM","202460-ZJM","202460","2024-06-06","2024-07-02","2024-07-22"
"EB","202460-EB","202460","","",""
"EC","202460-EC","202460","","",""
"ED","202460-ED","202460","","",""
"AA","202460-AA","202460","","",""
"AC","202460-AC","202460","","",""
"AD","202460-AD","202460","","",""
"EH","202460-EH","202460","","",""
"AF","202460-AF","202460","","",""
"ZFS","202460-ZFS","202460","2024-05-14","2024-06-25","2024-07-24"
"AH","202460-AH","202460","","",""
"AK","202460-AK","202460","","",""
"AL","202460-AL","202460","","",""
"AN","202460-AN","202460","","",""
"1S2","202460-1S2","202460","","",""
"1","202460-1","202460","","",""
"ZOE","202460-ZOE","202460","2024-07-03","2024-07-08","2024-07-11"
"1C","202460-1C","202460","","",""
"ZKD","202460-ZKD","202460","2024-06-04","2024-06-05","2024-06-06"
"ZOH","202460-ZOH","202460","2024-07-07","2024-07-18","2024-07-28"
"EX","202460-EX","202460","","",""
"NA","202460-NA","202460","","",""
"ZKG","202460-ZKG","202460","2024-06-05","2024-06-16","2024-06-24"
"JC","202460-JC","202460","","",""
"JD","202460-JD","202460","","",""
"ZGH","202460-ZGH","202460","2024-05-09","2024-05-22","2024-06-02"
"ZKK","202460-ZKK","202460","2024-06-10","2024-07-01","2024-07-16"
"1M","202460-1M","202460","","",""
"QAL","202460-QAL","202460","","",""
"FD","202460-FD","202460","","",""
"BA","202460-BA","202460","","",""
"AS2","202460-AS2","202460","","",""
"BD","202460-BD","202460","","",""
"25","202460-25","202460","","",""
"BE","202460-BE","202460","","",""
"FI","202460-FI","202460","","",""
"BH","202460-BH","202460","","",""
"BJ","202460-BJ","202460","","",""
"QS1","202460-QS1","202460","","",""
"ZXL","202460-ZXL","202460","2024-06-17","2024-07-21",""
"ZPG","202460-ZPG","202460","2024-07-10","2024-07-21","2024-07-28"
"QS2","202460-QS2","202460","","",""
"ZPF","202460-ZPF","202460","2024-07-10","2024-07-17","2024-07-23"
"ZLE","202460-ZLE","202460","2024-06-11","2024-06-16","2024-06-20"
"ZLD","202460-ZLD","202460","2024-06-11","2024-06-12","2024-06-13"
"ZLG","202460-ZLG","202460","2024-06-12","2024-06-24","2024-07-01"
"ZLF","202460-ZLF","202460","2024-06-12","2024-06-20","2024-06-26"
"ZHE","202460-ZHE","202460","2024-05-14","2024-05-19","2024-05-22"
"ZHG","202460-ZHG","202460","2024-05-15","2024-05-27","2024-06-03"
"ZLK","202460-ZLK","202460","2024-06-17","2024-07-09","2024-07-23"
"ZHF","202460-ZHF","202460","2024-05-15","2024-05-22","2024-05-29"
"ZHI","202460-ZHI","202460","2024-05-19","2024-06-03","2024-06-13"
"ZHK","202460-ZHK","202460","2024-05-20","2024-06-10","2024-06-25"
"ZHJ","202460-ZHJ","202460","2024-05-20","2024-06-06","2024-06-20"
"CA","202460-CA","202460","","",""
"CB","202460-CB","202460","","",""
"GF","202460-GF","202460","","",""
"CC","202460-CC","202460","","",""
"ZHO","202460-ZHO","202460","2024-05-23","2024-06-25","2024-07-17"
"CD","202460-CD","202460","","",""
"ZHN","202460-ZHN","202460","2024-05-23","2024-06-23","2024-07-14"
"CSU","202460-CSU","202460","","",""
"CJ","202460-CJ","202460","","",""
"GSU","202460-GSU","202460","","",""
"ZUD","202460-ZUD","202460","2024-08-13","2024-08-14","2024-08-15"
"QSP","202460-QSP","202460","","",""
"ZQG","202460-ZQG","202460","2024-07-17","2024-07-26",""
"XL","202460-XL","202460","","",""
"ZMG","202460-ZMG","202460","2024-06-20","2024-07-01","2024-07-09"
"HD","202460-HD","202460","","",""
"DA","202460-DA","202460","","",""
"HE","202460-HE","202460","","",""
"ZIK","202460-ZIK","202460","2024-05-28","2024-06-17","2024-07-02"
"DB","202460-DB","202460","","",""
"DC","202460-DC","202460","","",""
"ZIM","202460-ZIM","202460","2024-05-30","2024-06-25","2024-07-15"
"ZRD","202260-ZRD","202260","2022-07-26","2022-07-27",""
"A4","202260-A4","202260","","",""
"ZJE","202260-ZJE","202260","2022-06-01","2022-06-06",""
"ZJD","202260-ZJD","202260","2022-06-01","2022-06-02",""
"IC","202260-IC","202260","","",""
"ZJK","202260-ZJK","202260","2022-06-07","2022-06-27",""
"ID","202260-ID","202260","","",""
"ZJM","202260-ZJM","202260","2022-06-09","2022-07-04",""
"AC","202260-AC","202260","","",""
"AD","202260-AD","202260","","",""
"AF","202260-AF","202260","","",""
"AH","202260-AH","202260","","",""
"AI","202260-AI","202260","","",""
"F2T","202260-F2T","202260","","",""
"AK","202260-AK","202260","","",""
"AL","202260-AL","202260","","",""
"AN","202260-AN","202260","","",""
"1S2","202260-1S2","202260","","",""
"1","202260-1","202260","","",""
"ZKD","202260-ZKD","202260","2022-06-07","2022-06-08",""
"ZKG","202260-ZKG","202260","2022-06-08","2022-06-19",""
"JC","202260-JC","202260","","",""
"ZKI","202260-ZKI","202260","2022-06-12","2022-06-26",""
"JD","202260-JD","202260","","",""
"ZKK","202260-ZKK","202260","2022-06-13","2022-07-03",""
"1M","202260-1M","202260","","",""
"QAL","202260-QAL","202260","","",""
"BA","202260-BA","202260","","",""
"AS2","202260-AS2","202260","","",""
"24","202260-24","202260","","",""
"BD","202260-BD","202260","","",""
"BH","202260-BH","202260","","",""
"BJ","202260-BJ","202260","","",""
"QS1","202260-QS1","202260","","",""
"QS2","202260-QS2","202260","","",""
"ZLE","202260-ZLE","202260","2022-06-14","2022-06-19",""
"ZLD","202260-ZLD","202260","2022-06-14","2022-06-15",""
"ZLG","202260-ZLG","202260","2022-06-15","2022-06-26",""
"ZLF","202260-ZLF","202260","2022-06-15","2022-06-22",""
"ZLK","202260-ZLK","202260","2022-06-20","2022-07-10",""
"A2M","202260-A2M","202260","","",""
"2P","202260-2P","202260","","",""
"CA","202260-CA","202260","","",""
"CB","202260-CB","202260","","",""
"CD","202260-CD","202260","","",""
"CJ","202260-CJ","202260","","",""
"ZUD","202260-ZUD","202260","2022-08-16","2022-08-17",""
"QSP","202260-QSP","202260","","",""
"ZMD","202260-ZMD","202260","2022-06-21","2022-06-22",""
"ZMH","202260-ZMH","202260","2022-06-23","2022-07-06",""
"ZMG","202260-ZMG","202260","2022-06-22","2022-07-03",""
"DA","202260-DA","202260","","",""
"DB","202260-DB","202260","","",""
"DD","202260-DD","202260","","",""
"DG","202260-DG","202260","","",""
"DH","202260-DH","202260","","",""
"DI","202260-DI","202260","","",""
"ZNF","202260-ZNF","202260","2022-06-29","2022-07-06",""
"ZNI","202260-ZNI","202260","2022-07-03","2022-07-17",""
"MB","202260-MB","202260","","",""
"EA","202260-EA","202260","","",""
"EB","202260-EB","202260","","",""
"EC","202260-EC","202260","","",""
"ED","202260-ED","202260","","",""
"EF","202260-EF","202260","","",""
"ZFL","202260-ZFL","202260","2022-05-10","2022-06-02",""
"EH","202260-EH","202260","","",""
"ZFS","202260-ZFS","202260","2022-05-17","2022-06-27",""
"ZOE","202260-ZOE","202260","2022-07-05","2022-07-10",""
"ZOH","202260-ZOH","202260","2022-07-07","2022-07-20",""
"EX","202260-EX","202260","","",""
"NA","202260-NA","202260","","",""
"ZOG","202260-ZOG","202260","2022-07-06","2022-07-17",""
"ZGH","202260-ZGH","202260","2022-05-12","2022-05-25",""
"FA","202260-FA","202260","","",""
"FD","202260-FD","202260","","",""
"FI","202260-FI","202260","","",""
"ZXL","202260-ZXL","202260","2022-06-19","2022-07-24",""
"ZPG","202260-ZPG","202260","2022-07-13","2022-07-24",""
"ZPF","202260-ZPF","202260","2022-07-13","2022-07-20",""
"ZHE","202260-ZHE","202260","2022-05-17","2022-05-22",""
"ZHD","202260-ZHD","202260","2022-05-17","2022-05-18",""
"ZHG","202260-ZHG","202260","2022-05-18","2022-05-30",""
"ZHF","202260-ZHF","202260","2022-05-18","2022-05-25",""
"ZHI","202260-ZHI","202260","2022-05-22","2022-06-06",""
"ZXX","202260-ZXX","202260","","",""
"ZHK","202260-ZHK","202260","2022-05-23","2022-06-13",""
"ZHJ","202260-ZHJ","202260","2022-05-23","2022-06-09",""
"GF","202260-GF","202260","","",""
"ZHL","202260-ZHL","202260","2022-05-24","2022-06-16",""
"ZHO","202260-ZHO","202260","2022-05-26","2022-06-27",""
"ZHN","202260-ZHN","202260","2022-05-26","2022-06-23",""
"ZQE","202260-ZQE","202260","2022-07-19","2022-07-24",""
"ZQG","202260-ZQG","202260","2022-07-20","2022-07-31",""
"XL","202260-XL","202260","","",""
"HD","202260-HD","202260","","",""
"ZIL","202260-ZIL","202260","2022-06-01","2022-06-23",""
"HE","202260-HE","202260","","",""
"ZIK","202260-ZIK","202260","2022-05-31","2022-06-20",""
"ZIM","202260-ZIM","202260","2022-06-02","2022-06-27",""
"DD","202510-DD","202510","","",""
"HH","202510-HH","202510","","",""
"04","202510-04","202510","","",""
"FJ","202510-FJ","202510","","",""
"SAS","202510-SAS","202510","","",""
"DL","202510-DL","202510","","",""
"HP","202510-HP","202510","","",""
"BL","202510-BL","202510","","",""
"BN","202510-BN","202510","","",""
"BO","202510-BO","202510","","",""
"HI1","202510-HI1","202510","","",""
"QHG","202510-QHG","202510","","",""
"MB","202510-MB","202510","","",""
"MC","202510-MC","202510","","",""
"KD","202510-KD","202510","","",""
"KE","202510-KE","202510","","",""
"IG","202510-IG","202510","","",""
"IH","202510-IH","202510","","",""
"12","202510-12","202510","","",""
"GH","202510-GH","202510","","",""
"AD","202510-AD","202510","","",""
"AE","202510-AE","202510","","",""
"EJ","202510-EJ","202510","","",""
"AG","202510-AG","202510","","",""
"AH","202510-AH","202510","","",""
"EL","202510-EL","202510","","",""
"AI","202510-AI","202510","","",""
"AJ","202510-AJ","202510","","",""
"AK","202510-AK","202510","","",""
"AP","202510-AP","202510","","",""
"QSP","202510-QSP","202510","","",""
"RA","202510-RA","202510","","",""
"AQ","202510-AQ","202510","","",""
"1","202510-1","202510","","",""
"EX","202510-EX","202510","","",""
"2TW","202510-2TW","202510","","",""
"XM","202510-XM","202510","","",""
"QAG","202510-QAG","202510","","",""
"LD","202510-LD","202510","","",""
"HD","202510-HD","202510","","",""
"JF","202510-JF","202510","","",""
"FD","202510-FD","202510","","",""
"FE","202510-FE","202510","","",""
"QAN","202510-QAN","202510","","",""
"DD","202390-DD","202390","","",""
"HH","202390-HH","202390","","",""
"HI","202390-HI","202390","","",""
"ZEK","202390-ZEK","202390","2023-08-28","2023-09-18","2023-10-02"
"ZIO","202390-ZIO","202390","2023-09-28","2023-10-27","2023-11-17"
"ZEP","202390-ZEP","202390","2023-09-05","2023-10-09","2023-11-02"
"M2","202390-M2","202390","","",""
"DL","202390-DL","202390","","",""
"ZET","202390-ZET","202390","2023-09-06","2023-10-16","2023-11-13"
"ZES","202390-ZES","202390","2023-09-06","2023-10-16","2023-11-13"
"QHG","202390-QHG","202390","","",""
"IA","202390-IA","202390","","",""
"ZJH","202390-ZJH","202390","2023-09-28","2023-10-11","2023-10-19"
"IG","202390-IG","202390","","",""
"IH","202390-IH","202390","","",""
"AA","202390-AA","202390","","",""
"12","202390-12","202390","","",""
"EG","202390-EG","202390","","",""
"AD","202390-AD","202390","","",""
"AE","202390-AE","202390","","",""
"AF","202390-AF","202390","","",""
"AG","202390-AG","202390","","",""
"ZFS","202390-ZFS","202390","2023-09-13","2023-10-19","2023-11-15"
"AH","202390-AH","202390","","",""
"EL","202390-EL","202390","","",""
"ZBN","202390-ZBN","202390","2023-08-10","2023-09-07","2023-09-27"
"AJ","202390-AJ","202390","","",""
"AK","202390-AK","202390","","",""
"ZFW","202390-ZFW","202390","2023-10-01","2023-11-12","2023-12-24"
"AL","202390-AL","202390","","",""
"AP","202390-AP","202390","","",""
"RA","202390-RA","202390","","",""
"AQ","202390-AQ","202390","","",""
"1","202390-1","202390","","",""
"EX","202390-EX","202390","","",""
"NB","202390-NB","202390","","",""
"ZOI","202390-ZOI","202390","2023-11-02","2023-11-15","2023-11-30"
"QAG","202390-QAG","202390","","",""
"ZCD","202390-ZCD","202390","2023-08-08","2023-08-09","2023-08-10"
"JF","202390-JF","202390","","",""
"FD","202390-FD","202390","","",""
"1P","202390-1P","202390","","",""
"FE","202390-FE","202390","","",""
"QAN","202390-QAN","202390","","",""
"FF","202390-FF","202390","","",""
"FH","202390-FH","202390","","",""
"FJ","202390-FJ","202390","","",""
"SAS","202390-SAS","202390","","",""
"BH","202390-BH","202390","","",""
"BL","202390-BL","202390","","",""
"BN","202390-BN","202390","","",""
"BO","202390-BO","202390","","",""
"ZXM","202390-ZXM","202390","2023-09-06","2023-10-16","2023-11-12"
"KE","202390-KE","202390","","",""
"ZDD","202390-ZDD","202390","2023-08-15","2023-08-16","2023-08-17"
"ZLL","202390-ZLL","202390","2023-10-17","2023-11-08","2023-11-30"
"ZXX","202390-ZXX","202390","","",""
"I2F","202390-I2F","202390","","",""
"ZLO","202390-ZLO","202390","2023-10-19","2023-11-19","2023-12-10"
"GE","202390-GE","202390","","",""
"GF","202390-GF","202390","","",""
"CE","202390-CE","202390","","",""
"ZHP","202390-ZHP","202390","2023-09-21","2023-10-22","2023-11-12"
"CI","202390-CI","202390","","",""
"ZDS","202390-ZDS","202390","2023-08-29","2023-09-25","2023-11-06"
"ZQD","202390-ZQD","202390","2023-11-16","2023-11-17","2023-11-18"
"QSP","202390-QSP","202390","","",""
"XM","202390-XM","202390","","",""
"LD","202390-LD","202390","","",""
"ZED","202390-ZED","202390","2023-08-22","2023-08-23","2023-08-24"
"ZML","202390-ZML","202390","2023-10-23","2023-11-12","2023-12-03"
"ZMK","202390-ZMK","202390","2023-10-23","2023-11-12","2023-11-28"
"ZEH","202390-ZEH","202390","2023-08-24","2023-09-07","2023-09-17"
"HE","202390-HE","202390","","",""
"HG","202390-HG","202390","","",""
"ZEI","202390-ZEI","202390","2023-08-27","2023-09-11","2023-09-21"
"DD","202310-DD","202310","","",""
"HH","202310-HH","202310","","",""
"HI","202310-HI","202310","","",""
"ZIO","202310-ZIO","202310","2023-01-29","2023-02-27",""
"ZIR","202310-ZIR","202310","2023-02-01","2023-03-09",""
"04","202310-04","202310","","",""
"ZIT","202310-ZIT","202310","2023-02-01","2023-03-20","2023-04-14"
"ZIS","202310-ZIS","202310","2023-02-01","2023-03-20","2023-04-14"
"ZIU","202310-ZIU","202310","2023-02-01","2023-03-20",""
"DL","202310-DL","202310","","",""
"QHG","202310-QHG","202310","","",""
"ZRK","202310-ZRK","202310","2023-03-27","2023-04-17","2023-04-30"
"ZRJ","202310-ZRJ","202310","2023-03-27","2023-04-12",""
"ZNI","202310-ZNI","202310","2023-02-26","2023-03-19",""
"MB","202310-MB","202310","","",""
"ZNH","202310-ZNH","202310","2023-02-23","2023-03-08",""
"MC","202310-MC","202310","","",""
"IA","202310-IA","202310","","",""
"ZJH","202310-ZJH","202310","2023-01-26","2023-02-08",""
"ZNO","202310-ZNO","202310","2023-03-02","2023-04-09",""
"ID","202310-ID","202310","","",""
"ZFF","202310-ZFF","202310","2022-12-28","2023-01-05",""
"ZFI","202310-ZFI","202310","2023-01-02","2023-01-17",""
"ZJM","202310-ZJM","202310","2023-02-01","2023-02-26",""
"IG","202310-IG","202310","","",""
"ED","202310-ED","202310","","",""
"IH","202310-IH","202310","","",""
"ZFJ","202310-ZFJ","202310","2023-01-03","2023-01-22",""
"AC","202310-AC","202310","","",""
"ZJS","202310-ZJS","202310","2023-02-07","2023-03-26",""
"AD","202310-AD","202310","","",""
"ZFN","202310-ZFN","202310","2023-01-08","2023-02-05","2023-02-21"
"AE","202310-AE","202310","","",""
"AH","202310-AH","202310","","",""
"EL","202310-EL","202310","","",""
"AJ","202310-AJ","202310","","",""
"AK","202310-AK","202310","","",""
"ZSH","202310-ZSH","202310","2023-03-31","2023-04-12",""
"AP","202310-AP","202310","","",""
"RA","202310-RA","202310","","",""
"AQ","202310-AQ","202310","","",""
"1","202310-1","202310","","",""
"1B","202310-1B","202310","","",""
"ZSI","202310-ZSI","202310","2023-04-02","2023-04-17",""
"EX","202310-EX","202310","","",""
"1E","202310-1E","202310","","",""
"QAG","202310-QAG","202310","","",""
"ZGE","202310-ZGE","202310","2023-01-03","2023-01-08",""
"JD","202310-JD","202310","","",""
"ZGH","202310-ZGH","202310","2023-01-05","2023-01-19",""
"JF","202310-JF","202310","","",""
"ZGJ","202310-ZGJ","202310","2023-01-09","2023-01-26",""
"ZKM","202310-ZKM","202310","2023-02-08","2023-03-05",""
"FD","202310-FD","202310","","",""
"FE","202310-FE","202310","","",""
"QAN","202310-QAN","202310","","",""
"22","202310-22","202310","","",""
"24","202310-24","202310","","",""
"25","202310-25","202310","","",""
"FJ","202310-FJ","202310","","",""
"SAS","202310-SAS","202310","","",""
"ZGT","202310-ZGT","202310","2023-01-18","2023-02-27",""
"ZXD","202310-ZXD","202310","2023-05-02","2023-05-03",""
"ZGU","202310-ZGU","202310","2023-01-18","2023-02-27",""
"BL","202310-BL","202310","","",""
"BO","202310-BO","202310","","",""
"ZXM","202310-ZXM","202310","2023-02-01","2023-04-16",""
"ZTH","202310-ZTH","202310","2023-04-06","2023-04-19",""
"G8","202310-G8","202310","","",""
"ZHD","202310-ZHD","202310","2023-01-12","2023-01-13",""
"ZPL","202310-ZPL","202310","2023-03-21","2023-04-12",""
"KC","202310-KC","202310","","",""
"KE","202310-KE","202310","","",""
"ZXX","202310-ZXX","202310","","",""
"K2F","202310-K2F","202310","","",""
"ZLP","202310-ZLP","202310","2023-02-19","2023-03-29","2023-04-20"
"GH","202310-GH","202310","","",""
"ZYD","202310-ZYD","202310","2023-05-10","2023-05-11",""
"ZLV","202310-ZLV","202310","2023-02-21","2023-04-09",""
"ZHU","202310-ZHU","202310","2023-01-25","2023-03-06",""
"ZHT","202310-ZHT","202310","2023-01-25","2023-03-06",""
"CM","202310-CM","202310","","",""
"QSP","202310-QSP","202310","","",""
"H9","202310-H9","202310","","",""
"XM","202310-XM","202310","","",""
"ZQK","202310-ZQK","202310","2023-03-20","2023-04-10","2023-04-23"
"LD","202310-LD","202310","","",""
"ZIH","202310-ZIH","202310","2023-01-22","2023-02-02",""
"ZIG","202310-ZIG","202310","2023-01-19","2023-01-30",""
"ZII","202310-ZII","202310","2023-01-23","2023-02-06",""
"HD","202310-HD","202310","","",""
"ZIK","202310-ZIK","202310","2023-01-24","2023-02-13","2023-02-27"
"ZMO","202310-ZMO","202310","2023-02-23","2023-04-02",""
"DD","202290-DD","202290","","",""
"HH","202290-HH","202290","","",""
"HI","202290-HI","202290","","",""
"ZEK","202290-ZEK","202290","2022-08-29","2022-09-19","2022-10-03"
"M2","202290-M2","202290","","",""
"ZEO","202290-ZEO","202290","2022-09-01","2022-10-03","2022-10-23"
"DJ","202290-DJ","202290","","",""
"ZER","202290-ZER","202290","2022-09-07","2022-10-13","2022-11-08"
"DL","202290-DL","202290","","",""
"ZET","202290-ZET","202290","2022-09-07","2022-10-17","2022-11-11"
"ZES","202290-ZES","202290","2022-09-07","2022-10-17","2022-11-11"
"ZEV","202290-ZEV","202290","2022-09-18","2022-11-02","2022-12-06"
"QHG","202290-QHG","202290","","",""
"IA","202290-IA","202290","","",""
"ZJH","202290-ZJH","202290","2022-09-29","2022-10-12","2022-10-20"
"IG","202290-IG","202290","","",""
"IH","202290-IH","202290","","",""
"AA","202290-AA","202290","","",""
"12","202290-12","202290","","",""
"EG","202290-EG","202290","","",""
"AD","202290-AD","202290","","",""
"AE","202290-AE","202290","","",""
"AF","202290-AF","202290","","",""
"AG","202290-AG","202290","","",""
"ZFS","202290-ZFS","202290","2022-09-14","2022-10-24","2022-11-23"
"AH","202290-AH","202290","","",""
"EL","202290-EL","202290","","",""
"AI","202290-AI","202290","","",""
"AJ","202290-AJ","202290","","",""
"AK","202290-AK","202290","","",""
"AL","202290-AL","202290","","",""
"AM","202290-AM","202290","","",""
"AP","202290-AP","202290","","",""
"RA","202290-RA","202290","","",""
"1A","202290-1A","202290","","",""
"AQ","202290-AQ","202290","","",""
"1","202290-1","202290","","",""
"EX","202290-EX","202290","","",""
"ZOI","202290-ZOI","202290","2022-11-06","2022-11-20","2022-12-01"
"QAG","202290-QAG","202290","","",""
"JF","202290-JF","202290","","",""
"ZKN","202290-ZKN","202290","2022-10-13","2022-11-11","2022-11-30"
"FD","202290-FD","202290","","",""
"FE","202290-FE","202290","","",""
"QAN","202290-QAN","202290","","",""
"22","202290-22","202290","","",""
"FF","202290-FF","202290","","",""
"23","202290-23","202290","","",""
"BC","202290-BC","202290","","",""
"FH","202290-FH","202290","","",""
"CS2","202290-CS2","202290","","",""
"FJ","202290-FJ","202290","","",""
"SAS","202290-SAS","202290","","",""
"BH","202290-BH","202290","","",""
"BL","202290-BL","202290","","",""
"I5W","202290-I5W","202290","","",""
"6A","202290-6A","202290","","",""
"BN","202290-BN","202290","","",""
"BO","202290-BO","202290","","",""
"ZXM","202290-ZXM","202290","2022-09-07","2022-11-13",""
"KE","202290-KE","202290","","",""
"ZDD","202290-ZDD","202290","2022-08-14","2022-08-15",""
"ZLL","202290-ZLL","202290","2022-10-18","2022-11-09","2022-11-13"
"ZXX","202290-ZXX","202290","","",""
"GE","202290-GE","202290","","",""
"GH","202290-GH","202290","","",""
"CE","202290-CE","202290","","",""
"ZHP","202290-ZHP","202290","2022-09-25","2022-10-26","2022-11-13"
"CH","202290-CH","202290","","",""
"CI","202290-CI","202290","","",""
"ZDS","202290-ZDS","202290","2022-08-30","2022-10-10","2022-11-06"
"L4W","202290-L4W","202290","","",""
"XM","202290-XM","202290","","",""
"LD","202290-LD","202290","","",""
"ZED","202290-ZED","202290","2022-08-23","2022-08-24","2022-08-26"
"ZML","202290-ZML","202290","2022-10-25","2022-11-16","2022-11-27"
"ZMK","202290-ZMK","202290","2022-10-24","2022-11-13","2022-11-24"
"ZEH","202290-ZEH","202290","2022-08-25","2022-09-08","2022-09-18"
"HE","202290-HE","202290","","",""
"ZEI","202290-ZEI","202290","","2022-09-15","2022-09-22"
"DD","202410-DD","202410","","",""
"HH","202410-HH","202410","","",""
"ZIR","202410-ZIR","202410","2024-01-31","2024-03-07","2024-04-10"
"04","202410-04","202410","","",""
"ZIT","202410-ZIT","202410","2024-01-31","2024-03-18","2024-04-15"
"ZIS","202410-ZIS","202410","2024-01-31","2024-03-18","2024-04-15"
"DL","202410-DL","202410","","",""
"HP","202410-HP","202410","","",""
"QHG","202410-QHG","202410","","",""
"ZRK","202410-ZRK","202410","2024-03-25","2024-04-14","2024-04-28"
"ZNI","202410-ZNI","202410","2024-02-25","2024-03-10","2024-03-27"
"MB","202410-MB","202410","","",""
"MC","202410-MC","202410","","",""
"ZNO","202410-ZNO","202410","2024-02-29","2024-04-07","2024-04-28"
"ID","202410-ID","202410","","",""
"ZFF","202410-ZFF","202410","2023-12-28","2024-01-07","2024-01-12"
"IG","202410-IG","202410","","",""
"ED","202410-ED","202410","","",""
"IH","202410-IH","202410","","",""
"11","202410-11","202410","","",""
"12","202410-12","202410","","",""
"AD","202410-AD","202410","","",""
"ZFN","202410-ZFN","202410","2024-01-08","2024-02-05","2024-02-25"
"AE","202410-AE","202410","","",""
"EJ","202410-EJ","202410","","",""
"AG","202410-AG","202410","","",""
"AH","202410-AH","202410","","",""
"EL","202410-EL","202410","","",""
"AI","202410-AI","202410","","",""
"AJ","202410-AJ","202410","","",""
"AK","202410-AK","202410","","",""
"AP","202410-AP","202410","","",""
"RA","202410-RA","202410","","",""
"AQ","202410-AQ","202410","","",""
"1","202410-1","202410","","",""
"EX","202410-EX","202410","","",""
"2TW","202410-2TW","202410","","",""
"QAG","202410-QAG","202410","","",""
"ZGE","202410-ZGE","202410","2024-01-03","2024-01-08","2024-01-11"
"ZGH","202410-ZGH","202410","2024-01-07","2024-01-21","2024-01-29"
"JF","202410-JF","202410","","",""
"ZGJ","202410-ZGJ","202410","2024-01-09","2024-02-07",""
"FD","202410-FD","202410","","",""
"FE","202410-FE","202410","","",""
"QAN","202410-QAN","202410","","",""
"22","202410-22","202410","","",""
"25","202410-25","202410","","",""
"FJ","202410-FJ","202410","","",""
"SAS","202410-SAS","202410","","",""
"BH","202410-BH","202410","","",""
"ZGT","202410-ZGT","202410","2024-01-21","2024-03-03","2024-04-08"
"ZXD","202410-ZXD","202410","2024-04-30","2024-05-01","2024-05-02"
"BL","202410-BL","202410","","",""
"BN","202410-BN","202410","","",""
"BO","202410-BO","202410","","",""
"ZTH","202410-ZTH","202410","2024-04-04","2024-04-17","2024-04-25"
"HI1","202410-HI1","202410","","",""
"ZPK","202410-ZPK","202410","2024-03-18","2024-04-07","2024-04-21"
"ZHD","202410-ZHD","202410","2024-01-09","2024-01-10","2024-01-11"
"ZPL","202410-ZPL","202410","2024-03-19","2024-04-10","2024-04-25"
"KD","202410-KD","202410","","",""
"KE","202410-KE","202410","","",""
"ZXX","202410-ZXX","202410","","",""
"K2F","202410-K2F","202410","","",""
"ZLP","202410-ZLP","202410","2024-02-18","2024-03-27","2024-04-18"
"ZHO","202410-ZHO","202410","2024-01-22","2024-02-19","2024-03-18"
"GH","202410-GH","202410","","",""
"ZYD","202410-ZYD","202410","2024-05-07","2024-05-08","2024-05-09"
"ZHT","202410-ZHT","202410","2024-01-25","2024-03-07","2024-04-14"
"CM","202410-CM","202410","","",""
"QSP","202410-QSP","202410","","",""
"H9","202410-H9","202410","","",""
"XM","202410-XM","202410","","",""
"ZQK","202410-ZQK","202410","2024-03-25","2024-04-10","2024-04-23"
"LD","202410-LD","202410","","",""
"ZIH","202410-ZIH","202410","2024-01-21","2024-02-01","2024-02-11"
"ZII","202410-ZII","202410","2024-01-22","2024-02-05","2024-02-15"
"HD","202410-HD","202410","","",""
"ZIK","202410-ZIK","202410","2024-01-23","2024-02-12","2024-02-26"
"ZMO","202410-ZMO","202410","2024-02-22","2024-03-31","2024-04-21"
"MC","202490-MC","202490","","",""
"ZFT","202490-ZFT","202490","2024-09-11","2024-10-07","2024-11-26"
"AN","202490-AN","202490","","",""
"1J","202490-1J","202490","","",""
"Q1H","202490-Q1H","202490","","",""
"GD","202490-GD","202490","","",""
"GF","202490-GF","202490","","",""
"ZDL","202490-ZDL","202490","2024-08-20","2024-09-12","2024-09-29"
"ZHP","202490-ZHP","202490","2024-09-19","2024-10-20","2024-11-10"
"EA","202460-EA","202460","","",""
"ZXX","202460-ZXX","202460","","",""
"ZIS","202510-ZIS","202510","2025-02-05","2025-03-24","2025-04-02"
"ZRK","202510-ZRK","202510","2025-03-31","2025-04-20","2025-05-04"
"ZQK","202510-ZQK","202510","2025-03-31","2025-04-16","2025-04-29"
"ZIK","202510-ZIK","202510","2025-01-28","2025-02-17","2025-03-03"
"AS2","202560-AS2","202560","","",""
"DD","202560-DD","202560","","",""
"BD","202560-BD","202560","","",""
"25","202560-25","202560","","",""
"BE","202560-BE","202560","","",""
"DG","202560-DG","202560","","",""
"FI","202560-FI","202560","","",""
"DH","202560-DH","202560","","",""
"BH","202560-BH","202560","","",""
"BJ","202560-BJ","202560","","",""
"QS1","202560-QS1","202560","","",""
"E4","202560-E4","202560","","",""
"QS2","202560-QS2","202560","","",""
"IC","202560-IC","202560","","",""
"ID","202560-ID","202560","","",""
"EA","202560-EA","202560","","",""
"EB","202560-EB","202560","","",""
"CA","202560-CA","202560","","",""
"EC","202560-EC","202560","","",""
"ED","202560-ED","202560","","",""
"GF","202560-GF","202560","","",""
"CC","202560-CC","202560","","",""
"AC","202560-AC","202560","","",""
"AD","202560-AD","202560","","",""
"EH","202560-EH","202560","","",""
"AF","202560-AF","202560","","",""
"AH","202560-AH","202560","","",""
"CJ","202560-CJ","202560","","",""
"GSU","202560-GSU","202560","","",""
"AK","202560-AK","202560","","",""
"AL","202560-AL","202560","","",""
"AN","202560-AN","202560","","",""
"QSP","202560-QSP","202560","","",""
"1","202560-1","202560","","",""
"1C","202560-1C","202560","","",""
"EX","202560-EX","202560","","",""
"NA","202560-NA","202560","","",""
"XL","202560-XL","202560","","",""
"JC","202560-JC","202560","","",""
"JD","202560-JD","202560","","",""
"1M","202560-1M","202560","","",""
"HD","202560-HD","202560","","",""
"DA","202560-DA","202560","","",""
"HE","202560-HE","202560","","",""
"QAL","202560-QAL","202560","","",""
"FD","202560-FD","202560","","",""
"BA","202560-BA","202560","","",""
"DD","202110-DD","202110","","",""
"HH","202110-HH","202110","","",""
"ZIR","202110-ZIR","202110","2021-02-03","2021-03-11","2021-05-07"
"ZIT","202110-ZIT","202110","2021-02-03","2021-03-22","2021-05-07"
"ZIS","202110-ZIS","202110","2021-02-03","2021-03-22","2021-05-07"
"ZIU","202110-ZIU","202110","2021-02-03","2021-03-22",""
"DM","202110-DM","202110","","",""
"I3","202110-I3","202110","","",""
"QHG","202110-QHG","202110","","",""
"ZRH","202110-ZRH","202110","2021-03-25","2021-04-07","2021-05-07"
"ZRK","202110-ZRK","202110","2021-03-29","2021-04-18","2021-05-07"
"ZRJ","202110-ZRJ","202110","2021-03-29","2021-04-14","2021-05-07"
"ZNI","202110-ZNI","202110","2021-02-28","2021-03-21","2021-05-07"
"ZNH","202110-ZNH","202110","2021-02-25","2021-03-10",""
"MC","202110-MC","202110","","",""
"IB","202110-IB","202110","","",""
"ID","202110-ID","202110","","",""
"ZJM","202110-ZJM","202110","2021-02-03","2021-02-28","2021-05-07"
"D2M","202110-D2M","202110","","",""
"IG","202110-IG","202110","","",""
"ED","202110-ED","202110","","",""
"IH","202110-IH","202110","","",""
"12","202110-12","202110","","",""
"AC","202110-AC","202110","","",""
"ZJS","202110-ZJS","202110","2021-02-09","2021-03-28",""
"AD","202110-AD","202110","","",""
"ZJR","202110-ZJR","202110","2021-02-09","2021-03-24",""
"AE","202110-AE","202110","","",""
"AG","202110-AG","202110","","",""
"EK","202110-EK","202110","","",""
"AH","202110-AH","202110","","",""
"EL","202110-EL","202110","","",""
"AJ","202110-AJ","202110","","",""
"E4W","202110-E4W","202110","","",""
"AL","202110-AL","202110","","",""
"AM","202110-AM","202110","","",""
"ZOD","202110-ZOD","202110","2021-03-04","2021-03-05","2021-05-07"
"ZSH","202110-ZSH","202110","2021-04-01","2021-04-14",""
"AP","202110-AP","202110","","",""
"RA","202110-RA","202110","","",""
"AQ","202110-AQ","202110","","",""
"L2W","202110-L2W","202110","","",""
"1","202110-1","202110","","",""
"1B","202110-1B","202110","","",""
"ZSI","202110-ZSI","202110","2021-04-04","2021-04-18","2021-05-07"
"EX","202110-EX","202110","","",""
"QEI","202110-QEI","202110","","",""
"QAG","202110-QAG","202110","","",""
"JF","202110-JF","202110","","",""
"FC","202110-FC","202110","","",""
"JG","202110-JG","202110","","",""
"FD","202110-FD","202110","","",""
"FE","202110-FE","202110","","",""
"QAN","202110-QAN","202110","","",""
"ZOS","202110-ZOS","202110","2021-03-23","2021-05-02","2021-05-07"
"22","202110-22","202110","","",""
"FF","202110-FF","202110","","",""
"BE","202110-BE","202110","","",""
"FJ","202110-FJ","202110","","",""
"SAS","202110-SAS","202110","","",""
"ZGT","202110-ZGT","202110","2021-01-20","2021-03-01","2021-05-07"
"BL","202110-BL","202110","","",""
"K22","202110-K22","202110","","",""
"G2","202110-G2","202110","","",""
"BO","202110-BO","202110","","",""
"ZXM","202110-ZXM","202110","2021-02-03","2021-04-18","2021-05-07"
"ZTH","202110-ZTH","202110","2021-04-08","2021-04-21","2021-05-07"
"ZPL","202110-ZPL","202110","2021-03-23","2021-04-14","2021-05-07"
"KC","202110-KC","202110","","",""
"ZPO","202110-ZPO","202110","2021-03-25","2021-04-25","2021-05-07"
"KE","202110-KE","202110","","",""
"QFP","202110-QFP","202110","","",""
"ZHH","202110-ZHH","202110","2021-01-14","2021-01-28","2021-05-07"
"ZXX","202110-ZXX","202110","","",""
"ZLQ","202110-ZLQ","202110","2021-02-22","2021-04-04","2021-05-07"
"ZHO","202110-ZHO","202110","2021-01-24","2021-02-22","2021-05-07"
"GH","202110-GH","202110","","",""
"CH","202110-CH","202110","","",""
"ZHU","202110-ZHU","202110","2021-01-27","2021-03-08","2021-05-07"
"ZHT","202110-ZHT","202110","2021-01-27","2021-03-08","2021-05-07"
"L4W","202110-L4W","202110","","",""
"ZMD","202110-ZMD","202110","2021-02-18","2021-02-19",""
"ZQL","202110-ZQL","202110","2021-03-30","2021-04-21","2021-05-07"
"XM","202110-XM","202110","","",""
"ZQK","202110-ZQK","202110","2021-03-29","2021-04-18","2021-05-07"
"QCH","202110-QCH","202110","","",""
"LD","202110-LD","202110","","",""
"ZIH","202110-ZIH","202110","2021-01-24","2021-02-04","2021-05-07"
"ZII","202110-ZII","202110","2021-01-25","2021-02-08","2021-05-07"
"HD","202110-HD","202110","","",""
"ZMP","202110-ZMP","202110","2021-02-28","2021-04-07",""
"ZIK","202110-ZIK","202110","2021-01-26","2021-02-15","2021-05-07"
"ZMO","202110-ZMO","202110","2021-02-25","2021-04-04","2021-05-07"
"DD","202090-DD","202090","","",""
"HH","202090-HH","202090","","",""
"ZEL","202090-ZEL","202090","2020-09-01","2020-09-24",""
"HI","202090-HI","202090","","",""
"ZEK","202090-ZEK","202090","2020-08-31","2020-09-21",""
"ZIO","202090-ZIO","202090","2020-10-01","2020-11-01",""
"DJ","202090-DJ","202090","","",""
"ZER","202090-ZER","202090","2020-09-09","2020-10-15",""
"DL","202090-DL","202090","","",""
"ZET","202090-ZET","202090","2020-09-09","2020-10-19",""
"ZES","202090-ZES","202090","2020-09-09","2020-10-19",""
"ZEW","202090-ZEW","202090","2020-09-09","2020-10-19",""
"QHG","202090-QHG","202090","","",""
"IA","202090-IA","202090","","",""
"ZJH","202090-ZJH","202090","2020-10-01","2020-10-14",""
"ID","202090-ID","202090","","",""
"IG","202090-IG","202090","","",""
"ED","202090-ED","202090","","",""
"IH","202090-IH","202090","","",""
"AA","202090-AA","202090","","",""
"AC","202090-AC","202090","","",""
"EG","202090-EG","202090","","",""
"AD","202090-AD","202090","","",""
"AE","202090-AE","202090","","",""
"AF","202090-AF","202090","","",""
"ZFP","202090-ZFP","202090","2020-09-14","2020-10-15",""
"AG","202090-AG","202090","","",""
"EK","202090-EK","202090","","",""
"ZFS","202090-ZFS","202090","2020-09-16","2020-10-26",""
"AH","202090-AH","202090","","",""
"EL","202090-EL","202090","","",""
"ZFU","202090-ZFU","202090","2020-09-17","2020-11-02",""
"AJ","202090-AJ","202090","","",""
"AK","202090-AK","202090","","",""
"AL","202090-AL","202090","","",""
"AP","202090-AP","202090","","",""
"RA","202090-RA","202090","","",""
"1A","202090-1A","202090","","",""
"AQ","202090-AQ","202090","","",""
"1","202090-1","202090","","",""
"EX","202090-EX","202090","","",""
"NB","202090-NB","202090","","",""
"QEI","202090-QEI","202090","","",""
"ZOI","202090-ZOI","202090","2020-11-08","2020-11-22",""
"QAG","202090-QAG","202090","","",""
"ZCD","202090-ZCD","202090","2020-08-10","2020-08-11",""
"ZCE","202090-ZCE","202090","2020-08-11","2020-08-16",""
"FD","202090-FD","202090","","",""
"FE","202090-FE","202090","","",""
"QAN","202090-QAN","202090","","",""
"22","202090-22","202090","","",""
"FF","202090-FF","202090","","",""
"23","202090-23","202090","","",""
"CS2","202090-CS2","202090","","",""
"FJ","202090-FJ","202090","","",""
"SAS","202090-SAS","202090","","",""
"BH","202090-BH","202090","","",""
"BL","202090-BL","202090","","",""
"I5W","202090-I5W","202090","","",""
"BN","202090-BN","202090","","",""
"BO","202090-BO","202090","","",""
"ZXM","202090-ZXM","202090","2020-09-09","2020-11-15",""
"ZCW","202090-ZCW","202090","2020-08-27","2020-10-19",""
"ZLJ","202090-ZLJ","202090","2020-10-19","2020-11-04",""
"KE","202090-KE","202090","","",""
"QFP","202090-QFP","202090","","",""
"ZDD","202090-ZDD","202090","2020-08-18","2020-08-19",""
"ZLL","202090-ZLL","202090","2020-10-20","2020-11-11",""
"ZXX","202090-ZXX","202090","","",""
"ZLO","202090-ZLO","202090","2020-10-22","2020-11-22",""
"CE","202090-CE","202090","","",""
"ZDM","202090-ZDM","202090","2020-08-26","2020-09-21",""
"ZDL","202090-ZDL","202090","2020-08-25","2020-09-17",""
"CH","202090-CH","202090","","",""
"CI","202090-CI","202090","","",""
"ZDS","202090-ZDS","202090","2020-09-01","2020-10-12",""
"ZDR","202090-ZDR","202090","2020-09-01","2020-10-08",""
"ZDT","202090-ZDT","202090","2020-09-01","2020-10-12",""
"L4W","202090-L4W","202090","","",""
"ZMH","202090-ZMH","202090","2020-10-22","2020-11-04",""
"XM","202090-XM","202090","","",""
"QCH","202090-QCH","202090","","",""
"LD","202090-LD","202090","","",""
"ZED","202090-ZED","202090","2020-08-23","2020-08-24",""
"ZIH","202090-ZIH","202090","2020-09-24","2020-10-07",""
"ZML","202090-ZML","202090","2020-10-27","2020-11-18",""
"ZMK","202090-ZMK","202090","2020-10-26","2020-11-15",""
"ZEF","202090-ZEF","202090","2020-08-26","2020-09-02",""
"ZEH","202090-ZEH","202090","2020-08-27","2020-09-10",""
"DD","202190-DD","202190","","",""
"HH","202190-HH","202190","","",""
"HI","202190-HI","202190","","",""
"ZEK","202190-ZEK","202190","2021-08-30","2021-09-20","2021-12-10"
"M2","202190-M2","202190","","",""
"DJ","202190-DJ","202190","","",""
"ZER","202190-ZER","202190","2021-09-08","2021-10-14","2021-12-10"
"ZEQ","202190-ZEQ","202190","2021-09-07","2021-10-11","2021-12-10"
"DL","202190-DL","202190","","",""
"ZET","202190-ZET","202190","2021-09-08","2021-10-18","2021-12-10"
"ZES","202190-ZES","202190","2021-09-08","2021-10-18","2021-12-10"
"I4","202190-I4","202190","","",""
"QHG","202190-QHG","202190","","",""
"IA","202190-IA","202190","","",""
"ZJH","202190-ZJH","202190","2021-09-30","2021-10-13","2021-12-10"
"IG","202190-IG","202190","","",""
"IH","202190-IH","202190","","",""
"11","202190-11","202190","","",""
"AA","202190-AA","202190","","",""
"12","202190-12","202190","","",""
"EG","202190-EG","202190","","",""
"AD","202190-AD","202190","","",""
"AE","202190-AE","202190","","",""
"AF","202190-AF","202190","","",""
"AG","202190-AG","202190","","",""
"EK","202190-EK","202190","","",""
"AH","202190-AH","202190","","",""
"EL","202190-EL","202190","","",""
"ZFR","202190-ZFR","202190","2021-09-15","2021-10-21","2021-12-10"
"AI","202190-AI","202190","","",""
"AJ","202190-AJ","202190","","",""
"AK","202190-AK","202190","","",""
"ZFW","202190-ZFW","202190","2021-09-15","2021-10-25","2021-12-10"
"AP","202190-AP","202190","","",""
"RA","202190-RA","202190","","",""
"AQ","202190-AQ","202190","","",""
"1","202190-1","202190","","",""
"ZOH","202190-ZOH","202190","2021-11-04","2021-11-17","2021-12-10"
"EX","202190-EX","202190","","",""
"NB","202190-NB","202190","","",""
"QEI","202190-QEI","202190","","",""
"1F","202190-1F","202190","","",""
"ZOI","202190-ZOI","202190","2021-11-07","2021-11-21","2021-12-10"
"QAG","202190-QAG","202190","","",""
"ZCD","202190-ZCD","202190","2021-08-10","2021-08-11","2021-12-10"
"JF","202190-JF","202190","","",""
"ZCE","202190-ZCE","202190","2021-08-10","2021-08-15","2021-12-10"
"FD","202190-FD","202190","","",""
"FE","202190-FE","202190","","",""
"QAN","202190-QAN","202190","","",""
"FF","202190-FF","202190","","",""
"23","202190-23","202190","","",""
"BC","202190-BC","202190","","",""
"FH","202190-FH","202190","","",""
"FJ","202190-FJ","202190","","",""
"SAS","202190-SAS","202190","","",""
"BH","202190-BH","202190","","",""
"BL","202190-BL","202190","","",""
"I5W","202190-I5W","202190","","",""
"6A","202190-6A","202190","","",""
"ZTD","202190-ZTD","202190","2021-12-09","2021-12-10",""
"BN","202190-BN","202190","","",""
"BO","202190-BO","202190","","",""
"ZXM","202190-ZXM","202190","2021-09-08","2021-11-14","2021-12-10"
"OF","202190-OF","202190","","",""
"KE","202190-KE","202190","","",""
"QFP","202190-QFP","202190","","",""
"ZLM","202190-ZLM","202190","2021-10-20","2021-11-14","2021-12-10"
"ZLL","202190-ZLL","202190","2021-10-19","2021-11-10","2021-12-10"
"ZXX","202190-ZXX","202190","","",""
"ZDG","202190-ZDG","202190","2021-08-18","2021-08-29","2021-12-10"
"ZLO","202190-ZLO","202190","2021-10-21","2021-11-21","2021-12-10"
"ZDH","202190-ZDH","202190","2021-08-19","2021-09-01","2021-12-10"
"GH","202190-GH","202190","","",""
"ZHQ","202190-ZHQ","202190","2021-09-27","2021-10-31","2021-12-10"
"ZHP","202190-ZHP","202190","2021-09-26","2021-10-27","2021-12-10"
"CH","202190-CH","202190","","",""
"ZDS","202190-ZDS","202190","2021-08-31","2021-10-11","2021-12-10"
"ZDT","202190-ZDT","202190","2021-08-31","2021-10-11","2021-12-10"
"ZQD","202190-ZQD","202190","2021-11-18","2021-11-19","2021-12-10"
"L4W","202190-L4W","202190","","",""
"QSP","202190-QSP","202190","","",""
"XM","202190-XM","202190","","",""
"QCH","202190-QCH","202190","","",""
"LD","202190-LD","202190","","",""
"ZED","202190-ZED","202190","2021-08-24","2021-08-25","2021-12-10"
"ZML","202190-ZML","202190","2021-10-26","2021-11-17","2021-12-10"
"ZMK","202190-ZMK","202190","2021-10-25","2021-11-14","2021-12-10"
"ZEH","202190-ZEH","202190","2021-08-26","2021-09-09","2021-12-10"
"HH","202210-HH","202210","","",""
"ZIO","202210-ZIO","202210","2022-01-30","2022-02-28",""
"ZIR","202210-ZIR","202210","2022-02-02","2022-03-10",""
"ZIT","202210-ZIT","202210","2022-02-02","2022-03-21","2022-04-15"
"ZIS","202210-ZIS","202210","2022-02-02","2022-03-21","2022-04-15"
"ZIU","202210-ZIU","202210","2022-02-02","2022-03-21",""
"I3","202210-I3","202210","","",""
"QHG","202210-QHG","202210","","",""
"ZRK","202210-ZRK","202210","2022-03-28","2022-04-17",""
"ZRJ","202210-ZRJ","202210","2022-03-28","2022-04-13",""
"ZJH","202210-ZJH","202210","2022-01-27","2022-02-09",""
"ID","202210-ID","202210","","",""
"ZJM","202210-ZJM","202210","2022-02-02","2022-02-27",""
"IG","202210-IG","202210","","",""
"IH","202210-IH","202210","","",""
"12","202210-12","202210","","",""
"AB","202210-AB","202210","","",""
"AC","202210-AC","202210","","",""
"AD","202210-AD","202210","","",""
"AE","202210-AE","202210","","",""
"AG","202210-AG","202210","","",""
"AH","202210-AH","202210","","",""
"AJ","202210-AJ","202210","","",""
"AK","202210-AK","202210","","",""
"AL","202210-AL","202210","","",""
"AM","202210-AM","202210","","",""
"ZSH","202210-ZSH","202210","2022-03-31","2022-04-13",""
"AP","202210-AP","202210","","",""
"RA","202210-RA","202210","","",""
"AQ","202210-AQ","202210","","",""
"1","202210-1","202210","","",""
"1B","202210-1B","202210","","",""
"ZSI","202210-ZSI","202210","2022-04-03","2022-04-17",""
"1E","202210-1E","202210","","",""
"QAG","202210-QAG","202210","","",""
"JD","202210-JD","202210","","",""
"JF","202210-JF","202210","","",""
"ZKM","202210-ZKM","202210","2022-02-09","2022-03-06",""
"QAN","202210-QAN","202210","","",""
"24","202210-24","202210","","",""
"9SB","202210-9SB","202210","","",""
"BL","202210-BL","202210","","",""
"BO","202210-BO","202210","","",""
"ZTH","202210-ZTH","202210","2022-04-07","2022-04-20",""
"KC","202210-KC","202210","","",""
"KE","202210-KE","202210","","",""
"ZLO","202210-ZLO","202210","2022-02-17","2022-03-27",""
"ZLP","202210-ZLP","202210","2022-02-20","2022-03-30",""
"ZLV","202210-ZLV","202210","2022-02-22","2022-04-10",""
"CM","202210-CM","202210","","",""
"LD","202210-LD","202210","","",""
"ZMO","202210-ZMO","202210","2022-02-24","2022-04-03",""
"DD","202210-DD","202210","","",""
"DL","202210-DL","202210","","",""
"DM","202210-DM","202210","","",""
"ZNI","202210-ZNI","202210","2022-02-27","2022-03-20",""
"ZNH","202210-ZNH","202210","2022-02-24","2022-03-09",""
"MC","202210-MC","202210","","",""
"ZNO","202210-ZNO","202210","2022-03-03","2022-04-10",""
"ZFF","202210-ZFF","202210","2021-12-29","2022-01-06",""
"ZFI","202210-ZFI","202210","2022-01-03","2022-01-18",""
"D2M","202210-D2M","202210","","",""
"ED","202210-ED","202210","","",""
"ZFJ","202210-ZFJ","202210","2022-01-04","2022-01-23",""
"EK","202210-EK","202210","","",""
"EL","202210-EL","202210","","",""
"E4W","202210-E4W","202210","","",""
"EX","202210-EX","202210","","",""
"ZGE","202210-ZGE","202210","2022-01-04","2022-01-09",""
"ZGH","202210-ZGH","202210","2022-01-06","2022-01-20",""
"ZGJ","202210-ZGJ","202210","2022-01-10","2022-01-27",""
"FC","202210-FC","202210","","",""
"FD","202210-FD","202210","","",""
"FE","202210-FE","202210","","",""
"FJ","202210-FJ","202210","","",""
"SAS","202210-SAS","202210","","",""
"ZGT","202210-ZGT","202210","2022-01-19","2022-02-28",""
"ZXD","202210-ZXD","202210","2022-05-03","2022-05-04",""
"ZGU","202210-ZGU","202210","2022-01-19","2022-02-28",""
"ZXM","202210-ZXM","202210","2022-02-02","2022-04-17",""
"G8","202210-G8","202210","","",""
"ZHD","202210-ZHD","202210","2022-01-13","2022-01-14",""
"ZPL","202210-ZPL","202210","2022-03-22","2022-04-13",""
"ZPO","202210-ZPO","202210","2022-03-24","2022-04-24",""
"ZXX","202210-ZXX","202210","","",""
"GH","202210-GH","202210","","",""
"ZYD","202210-ZYD","202210","2022-05-09","2022-05-10",""
"ZHU","202210-ZHU","202210","2022-01-26","2022-03-07",""
"ZHT","202210-ZHT","202210","2022-01-26","2022-03-07",""
"ZID","202210-ZID","202210","2022-01-20","2022-01-21",""
"XM","202210-XM","202210","","",""
"ZQK","202210-ZQK","202210","2022-03-28","2022-04-17",""
"ZIE","202210-ZIE","202210","2022-01-19","2022-01-24",""
"ZIH","202210-ZIH","202210","2022-01-23","2022-02-03",""
"ZIG","202210-ZIG","202210","","",""
"ZII","202210-ZII","202210","2022-01-24","2022-02-07",""
"HD","202210-HD","202210","","",""
"ZIK","202210-ZIK","202210","2022-01-25","2022-02-14",""
"ZIN","202210-ZIN","202210","2022-01-30","2022-02-24",""
"ZRD","202060-ZRD","202060","2020-07-28","2020-07-29",""
"ZJE","202060-ZJE","202060","2020-06-02","2020-06-07",""
"ZJD","202060-ZJD","202060","2020-06-02","2020-06-03",""
"ZJI","202060-ZJI","202060","2020-06-07","2020-06-21",""
"IB","202060-IB","202060","","",""
"IC","202060-IC","202060","","",""
"ZJK","202060-ZJK","202060","2020-06-08","2020-06-28",""
"ID","202060-ID","202060","","",""
"IE","202060-IE","202060","","",""
"ZJM","202060-ZJM","202060","2020-06-10","2020-07-06",""
"AA","202060-AA","202060","","",""
"AB","202060-AB","202060","","",""
"AC","202060-AC","202060","","",""
"AD","202060-AD","202060","","",""
"J2M","202060-J2M","202060","","",""
"AF","202060-AF","202060","","",""
"AH","202060-AH","202060","","",""
"AI","202060-AI","202060","","",""
"AK","202060-AK","202060","","",""
"AL","202060-AL","202060","","",""
"AM","202060-AM","202060","","",""
"AN","202060-AN","202060","","",""
"1S2","202060-1S2","202060","","",""
"1","202060-1","202060","","",""
"ZKD","202060-ZKD","202060","2020-06-10","2020-06-11",""
"ZKF","202060-ZKF","202060","2020-06-10","2020-06-17",""
"ZKG","202060-ZKG","202060","2020-06-10","2020-06-21",""
"JB","202060-JB","202060","","",""
"JC","202060-JC","202060","","",""
"JD","202060-JD","202060","","",""
"ZKK","202060-ZKK","202060","2020-06-15","2020-07-06",""
"1M","202060-1M","202060","","",""
"QAL","202060-QAL","202060","","",""
"BA","202060-BA","202060","","",""
"AS2","202060-AS2","202060","","",""
"BD","202060-BD","202060","","",""
"BF","202060-BF","202060","","",""
"BH","202060-BH","202060","","",""
"BJ","202060-BJ","202060","","",""
"IS2","202060-IS2","202060","","",""
"QS1","202060-QS1","202060","","",""
"QS2","202060-QS2","202060","","",""
"ZLE","202060-ZLE","202060","2020-06-16","2020-06-21",""
"ZLD","202060-ZLD","202060","2020-06-14","2020-06-15",""
"ZLG","202060-ZLG","202060","2020-06-17","2020-06-28",""
"ZLH","202060-ZLH","202060","2020-06-18","2020-07-01",""
"ZLK","202060-ZLK","202060","2020-06-22","2020-07-13",""
"2P","202060-2P","202060","","",""
"CA","202060-CA","202060","","",""
"CF","202060-CF","202060","","",""
"CH","202060-CH","202060","","",""
"CJ","202060-CJ","202060","","",""
"ZUD","202060-ZUD","202060","2020-08-22","2020-08-23",""
"L5","202060-L5","202060","","",""
"D2","202060-D2","202060","","",""
"ZMH","202060-ZMH","202060","2020-06-25","2020-07-09",""
"ZMJ","202060-ZMJ","202060","2020-06-29","2020-07-16",""
"JF2","202060-JF2","202060","","",""
"QCH","202060-QCH","202060","","",""
"ZMI","202060-ZMI","202060","2020-06-28","2020-07-13",""
"DA","202060-DA","202060","","",""
"DC","202060-DC","202060","","",""
"DE","202060-DE","202060","","",""
"DS2","202060-DS2","202060","","",""
"DG","202060-DG","202060","","",""
"DH","202060-DH","202060","","",""
"DI","202060-DI","202060","","",""
"E2","202060-E2","202060","","",""
"ZNF","202060-ZNF","202060","2020-07-01","2020-07-09",""
"MA","202060-MA","202060","","",""
"ZNI","202060-ZNI","202060","2020-07-06","2020-07-20",""
"MB","202060-MB","202060","","",""
"ZNK","202060-ZNK","202060","2020-07-07","2020-07-27",""
"EA","202060-EA","202060","","",""
"EB","202060-EB","202060","","",""
"EC","202060-EC","202060","","",""
"ED","202060-ED","202060","","",""
"EF","202060-EF","202060","","",""
"EH","202060-EH","202060","","",""
"ZFS","202060-ZFS","202060","2020-05-19","2020-06-29",""
"AF1","202060-AF1","202060","","",""
"ZOF","202060-ZOF","202060","2020-07-08","2020-07-15",""
"ZOE","202060-ZOE","202060","2020-07-07","2020-07-12",""
"ZOH","202060-ZOH","202060","2020-07-09","2020-07-22",""
"EX","202060-EX","202060","","",""
"NA","202060-NA","202060","","",""
"ZGF","202060-ZGF","202060","2020-05-13","2020-05-20",""
"FA","202060-FA","202060","","",""
"ZGG","202060-ZGG","202060","2020-05-13","2020-05-25",""
"ZGJ","202060-ZGJ","202060","2020-05-18","2020-06-04",""
"ZPD","202060-ZPD","202060","2020-07-14","2020-07-15",""
"ZXL","202060-ZXL","202060","2020-06-22","2020-07-26",""
"ZPG","202060-ZPG","202060","2020-07-15","2020-07-26",""
"ZPF","202060-ZPF","202060","2020-07-15","2020-07-22",""
"ZHE","202060-ZHE","202060","2020-05-19","2020-05-25",""
"ZHG","202060-ZHG","202060","2020-05-20","2020-06-01",""
"ZHF","202060-ZHF","202060","2020-05-20","2020-05-28",""
"QFP","202060-QFP","202060","","",""
"ZHI","202060-ZHI","202060","2020-05-25","2020-06-08",""
"ZXX","202060-ZXX","202060","","",""
"ZHK","202060-ZHK","202060","2020-05-26","2020-06-15",""
"ZHJ","202060-ZHJ","202060","2020-05-26","2020-06-11",""
"GF","202060-GF","202060","","",""
"ZHL","202060-ZHL","202060","2020-05-27","2020-06-18",""
"ZHO","202060-ZHO","202060","2020-05-31","2020-06-29",""
"GH","202060-GH","202060","","",""
"ZHN","202060-ZHN","202060","2020-05-31","2020-06-25",""
"ZQD","202060-ZQD","202060","2020-07-21","2020-07-22",""
"ZQE","202060-ZQE","202060","2020-07-21","2020-07-26",""
"DF2","202060-DF2","202060","","",""
"ZQG","202060-ZQG","202060","2020-07-22","2020-08-02",""
"XL","202060-XL","202060","","",""
"ZID","202060-ZID","202060","2020-05-27","2020-05-28",""
"HF2","202060-HF2","202060","","",""
"ZIG","202060-ZIG","202060","2020-05-28","2020-06-08",""
"HC","202060-HC","202060","","",""
"ZII","202060-ZII","202060","2020-05-20","2020-06-01",""
"HD","202060-HD","202060","","",""
"HE","202060-HE","202060","","",""
"ZIK","202060-ZIK","202060","2020-06-02","2020-06-22",""
"ZIM","202060-ZIM","202060","2020-06-04","2020-06-29",""
"ZRD","202160-ZRD","202160","2021-07-27","2021-07-28","2021-08-06"
"A4","202160-A4","202160","","",""
"ZJE","202160-ZJE","202160","2021-06-02","2021-06-07","2021-08-06"
"ZJD","202160-ZJD","202160","2021-06-02","2021-06-03","2021-08-06"
"IB","202160-IB","202160","","",""
"IC","202160-IC","202160","","",""
"ZJK","202160-ZJK","202160","2021-06-08","2021-06-28","2021-08-06"
"ID","202160-ID","202160","","",""
"ZJM","202160-ZJM","202160","2021-06-10","2021-07-06","2021-08-06"
"AC","202160-AC","202160","","",""
"AD","202160-AD","202160","","",""
"AF","202160-AF","202160","","",""
"AH","202160-AH","202160","","",""
"AI","202160-AI","202160","","",""
"F2T","202160-F2T","202160","","",""
"AK","202160-AK","202160","","",""
"AL","202160-AL","202160","","",""
"AM","202160-AM","202160","","",""
"AN","202160-AN","202160","","",""
"1S2","202160-1S2","202160","","",""
"1","202160-1","202160","","",""
"ZKD","202160-ZKD","202160","2021-06-08","2021-06-09","2021-08-06"
"ZKG","202160-ZKG","202160","2021-06-09","2021-06-20","2021-08-06"
"JB","202160-JB","202160","","",""
"JC","202160-JC","202160","","",""
"ZKI","202160-ZKI","202160","2021-06-13","2021-06-27","2021-08-06"
"JD","202160-JD","202160","","",""
"ZKK","202160-ZKK","202160","2021-06-14","2021-07-05","2021-08-06"
"1M","202160-1M","202160","","",""
"QAL","202160-QAL","202160","","",""
"BA","202160-BA","202160","","",""
"AS2","202160-AS2","202160","","",""
"24","202160-24","202160","","",""
"BD","202160-BD","202160","","",""
"BF","202160-BF","202160","","",""
"BH","202160-BH","202160","","",""
"BJ","202160-BJ","202160","","",""
"IS2","202160-IS2","202160","","",""
"QS1","202160-QS1","202160","","",""
"QS2","202160-QS2","202160","","",""
"ZLE","202160-ZLE","202160","2021-06-15","2021-06-20","2021-08-06"
"ZLD","202160-ZLD","202160","2021-06-15","2021-06-16","2021-08-06"
"ZLG","202160-ZLG","202160","2021-06-16","2021-06-27","2021-08-06"
"ZLF","202160-ZLF","202160","2021-06-16","2021-06-23","2021-08-06"
"ZLH","202160-ZLH","202160","2021-06-17","2021-06-30","2021-08-06"
"ZLK","202160-ZLK","202160","2021-06-21","2021-07-12","2021-08-06"
"ZLJ","202160-ZLJ","202160","2021-06-21","2021-07-08",""
"2P","202160-2P","202160","","",""
"CA","202160-CA","202160","","",""
"CD","202160-CD","202160","","",""
"CF","202160-CF","202160","","",""
"CJ","202160-CJ","202160","","",""
"ZUD","202160-ZUD","202160","2021-08-17","2021-08-18",""
"D2","202160-D2","202160","","",""
"QSP","202160-QSP","202160","","",""
"ZMD","202160-ZMD","202160","2021-06-23","2021-06-24","2021-08-06"
"ZMH","202160-ZMH","202160","2021-06-24","2021-07-08","2021-08-06"
"ZMJ","202160-ZMJ","202160","2021-06-28","2021-07-15",""
"JF2","202160-JF2","202160","","",""
"ZMI","202160-ZMI","202160","2021-06-27","2021-07-12","2021-08-06"
"DA","202160-DA","202160","","",""
"DC","202160-DC","202160","","",""
"DD","202160-DD","202160","","",""
"DG","202160-DG","202160","","",""
"DH","202160-DH","202160","","",""
"DI","202160-DI","202160","","",""
"E2","202160-E2","202160","","",""
"ZNF","202160-ZNF","202160","2021-06-30","2021-07-08","2021-08-06"
"ZNI","202160-ZNI","202160","2021-07-05","2021-07-19","2021-08-06"
"MB","202160-MB","202160","","",""
"EA","202160-EA","202160","","",""
"EC","202160-EC","202160","","",""
"ED","202160-ED","202160","","",""
"EF","202160-EF","202160","","",""
"EH","202160-EH","202160","","",""
"ZFS","202160-ZFS","202160","2021-05-18","2021-06-28","2021-08-06"
"ZOF","202160-ZOF","202160","2021-07-08","2021-07-15","2021-08-06"
"ZOE","202160-ZOE","202160","2021-07-07","2021-07-12","2021-08-06"
"ZOH","202160-ZOH","202160","2021-07-11","2021-07-22","2021-08-06"
"EX","202160-EX","202160","","",""
"NA","202160-NA","202160","","",""
"ZOG","202160-ZOG","202160","2021-07-08","2021-07-19","2021-08-06"
"FA","202160-FA","202160","","",""
"ZGL","202160-ZGL","202160","2021-05-18","2021-06-10","2021-08-06"
"FI","202160-FI","202160","","",""
"ZXL","202160-ZXL","202160","2021-06-21","2021-07-25","2021-08-06"
"ZPG","202160-ZPG","202160","2021-07-14","2021-07-25","2021-08-06"
"ZPF","202160-ZPF","202160","2021-07-14","2021-07-21","2021-08-06"
"ZHE","202160-ZHE","202160","2021-05-18","2021-05-23","2021-08-06"
"ZHD","202160-ZHD","202160","2021-05-20","2021-05-21","2021-08-06"
"ZHG","202160-ZHG","202160","2021-05-19","2021-05-31","2021-08-06"
"ZHF","202160-ZHF","202160","2021-05-19","2021-05-26","2021-08-06"
"ZHI","202160-ZHI","202160","2021-05-23","2021-06-07","2021-08-06"
"ZXX","202160-ZXX","202160","","",""
"ZHK","202160-ZHK","202160","2021-05-24","2021-06-14","2021-08-06"
"ZHJ","202160-ZHJ","202160","2021-05-24","2021-06-10","2021-08-06"
"GF","202160-GF","202160","","",""
"ZHL","202160-ZHL","202160","2021-05-25","2021-06-17","2021-08-06"
"ZHO","202160-ZHO","202160","2021-05-27","2021-06-28","2021-08-06"
"GH","202160-GH","202160","","",""
"ZHN","202160-ZHN","202160","2021-05-27","2021-06-24","2021-08-06"
"ZQE","202160-ZQE","202160","2021-07-20","2021-07-25","2021-08-06"
"ZQG","202160-ZQG","202160","2021-07-21","2021-08-01","2021-08-06"
"XL","202160-XL","202160","","",""
"HF2","202160-HF2","202160","","",""
"ZIG","202160-ZIG","202160","2021-05-26","2021-06-07","2021-08-06"
"ZII","202160-ZII","202160","2021-05-31","2021-06-14","2021-08-06"
"HD","202160-HD","202160","","",""
"ZIL","202160-ZIL","202160","2021-06-02","2021-06-24","2021-08-06"
"HE","202160-HE","202160","","",""
"ZIK","202160-ZIK","202160","2021-06-01","2021-06-21","2021-08-06"
"ZIM","202160-ZIM","202160","2021-06-03","2021-06-28","2021-08-06"
"DD","202010-DD","202010","","",""
"HH","202010-HH","202010","","",""
"ZIR","202010-ZIR","202010","2020-02-05","2020-03-12",""
"ZIT","202010-ZIT","202010","2020-02-06","2020-03-26",""
"ZIS","202010-ZIS","202010","2020-02-05","2020-03-23",""
"ZIU","202010-ZIU","202010","2020-02-06","2020-03-30",""
"DM","202010-DM","202010","","",""
"I3","202010-I3","202010","","",""
"QHG","202010-QHG","202010","","",""
"ZRH","202010-ZRH","202010","2020-03-26","2020-04-08",""
"ZRK","202010-ZRK","202010","2020-03-30","2020-04-19",""
"ZRJ","202010-ZRJ","202010","2020-03-30","2020-04-15",""
"ZNI","202010-ZNI","202010","2020-03-01","2020-03-22",""
"ZNH","202010-ZNH","202010","2020-02-27","2020-03-11",""
"MC","202010-MC","202010","","",""
"ZFE","202010-ZFE","202010","2020-01-01","2020-01-06",""
"IB","202010-IB","202010","","",""
"ID","202010-ID","202010","","",""
"ZFF","202010-ZFF","202010","2020-01-02","2020-01-09",""
"ZJM","202010-ZJM","202010","2020-02-05","2020-03-01",""
"IG","202010-IG","202010","","",""
"ED","202010-ED","202010","","",""
"IH","202010-IH","202010","","",""
"12","202010-12","202010","","",""
"AD","202010-AD","202010","","",""
"ZFN","202010-ZFN","202010","2020-01-12","2020-02-09",""
"AE","202010-AE","202010","","",""
"AG","202010-AG","202010","","",""
"EK","202010-EK","202010","","",""
"AH","202010-AH","202010","","",""
"EL","202010-EL","202010","","",""
"AJ","202010-AJ","202010","","",""
"E4W","202010-E4W","202010","","",""
"AL","202010-AL","202010","","",""
"AM","202010-AM","202010","","",""
"ZSH","202010-ZSH","202010","2020-04-02","2020-04-15",""
"AP","202010-AP","202010","","",""
"RA","202010-RA","202010","","",""
"AQ","202010-AQ","202010","","",""
"1","202010-1","202010","","",""
"1B","202010-1B","202010","","",""
"ZSI","202010-ZSI","202010","2020-04-05","2020-04-19",""
"EX","202010-EX","202010","","",""
"QEI","202010-QEI","202010","","",""
"QAG","202010-QAG","202010","","",""
"ZGE","202010-ZGE","202010","2020-01-07","2020-01-12",""
"JF","202010-JF","202010","","",""
"FE","202010-FE","202010","","",""
"QAN","202010-QAN","202010","","",""
"FJ","202010-FJ","202010","","",""
"SAS","202010-SAS","202010","","",""
"ZGT","202010-ZGT","202010","2020-01-23","2020-03-05",""
"ZXD","202010-ZXD","202010","2020-05-05","2020-05-06",""
"BL","202010-BL","202010","","",""
"BO","202010-BO","202010","","",""
"ZPE","202010-ZPE","202010","2020-03-10","2020-03-22",""
"ZXM","202010-ZXM","202010","2020-02-05","2020-04-19",""
"ZTH","202010-ZTH","202010","2020-04-09","2020-04-22",""
"ZHD","202010-ZHD","202010","2020-01-15","2020-01-16",""
"ZPL","202010-ZPL","202010","2020-03-24","2020-04-15",""
"KC","202010-KC","202010","","",""
"ZPO","202010-ZPO","202010","2020-03-26","2020-04-26",""
"KE","202010-KE","202010","","",""
"QFP","202010-QFP","202010","","",""
"ZHH","202010-ZHH","202010","2020-01-16","2020-01-30",""
"ZXX","202010-ZXX","202010","","",""
"ZHO","202010-ZHO","202010","2020-01-26","2020-02-24",""
"GH","202010-GH","202010","","",""
"ZYD","202010-ZYD","202010","2020-05-12","2020-05-13",""
"CH","202010-CH","202010","","",""
"ZLV","202010-ZLV","202010","2020-02-27","2020-04-21",""
"ZHU","202010-ZHU","202010","2020-01-30","2020-03-23",""
"ZHT","202010-ZHT","202010","2020-01-30","2020-03-12",""
"F4W","202010-F4W","202010","","",""
"QSP","202010-QSP","202010","","",""
"QCG","202010-QCG","202010","","",""
"ZID","202010-ZID","202010","2020-01-20","2020-01-21",""
"XM","202010-XM","202010","","",""
"ZQK","202010-ZQK","202010","2020-03-30","2020-04-19",""
"LD","202010-LD","202010","","",""
"ZIH","202010-ZIH","202010","2020-01-26","2020-02-06",""
"ZEE","202010-ZEE","202010","2019-12-29","2020-01-02",""
"ZII","202010-ZII","202010","2020-01-27","2020-02-10",""
"HD","202010-HD","202010","","",""
"ZIL","202010-ZIL","202010","2020-01-29","2020-02-20",""
"ZIK","202010-ZIK","202010","2020-01-28","2020-02-17",""
"ZMO","202010-ZMO","202010","2020-02-27","2020-04-05",""
